Time (s),Actual Speed (km/h),Target Speed (km/h)
0.02,0.00,0.00
0.07,0.00,0.00
0.13,0.00,0.00
0.17,0.00,0.00
0.22,0.00,0.00
0.28,0.00,0.00
0.32,0.00,0.00
0.38,0.00,0.00
0.42,0.00,0.00
0.47,0.00,0.00
0.52,0.00,0.00
0.58,0.00,0.00
0.62,0.00,0.00
0.67,0.00,0.00
0.73,0.00,0.00
0.77,0.00,0.00
0.83,0.00,0.00
0.88,0.00,0.00
0.92,0.00,0.00
0.98,0.00,0.00
1.02,0.00,0.00
1.07,0.00,0.00
1.12,0.00,0.00
1.17,0.00,0.00
1.22,0.00,0.00
1.28,0.00,0.00
1.33,0.00,0.00
1.37,0.00,0.00
1.42,0.00,0.00
1.48,0.00,0.00
1.52,0.00,0.00
1.58,0.00,0.00
1.63,0.00,0.00
1.67,0.00,0.00
1.72,0.00,0.00
1.77,0.00,0.00
1.83,0.00,0.00
1.87,0.00,0.00
1.92,0.00,0.00
1.98,0.00,0.00
2.02,0.00,0.00
2.08,0.00,0.00
2.13,0.00,0.00
2.18,0.00,0.00
2.22,0.00,0.00
2.27,0.00,0.00
2.32,0.00,0.00
2.37,0.00,0.00
2.43,0.00,0.00
2.48,0.00,0.00
2.53,0.00,0.00
2.58,0.00,0.00
2.63,0.00,0.00
2.68,0.00,0.00
2.72,0.00,0.00
2.77,0.00,0.00
2.83,0.00,0.00
2.87,0.00,0.00
2.93,0.00,0.00
2.97,0.00,0.00
3.03,0.00,0.00
3.07,0.00,0.00
3.12,0.00,0.00
3.18,0.00,0.00
3.23,0.00,0.00
3.27,0.00,0.00
3.32,0.00,0.00
3.38,0.00,0.00
3.43,0.00,0.00
3.47,0.00,0.00
3.52,0.00,0.00
3.58,0.00,0.00
3.63,0.00,0.00
3.68,0.00,0.00
3.73,0.00,0.00
3.77,0.00,0.00
3.83,0.00,0.00
3.87,0.00,0.00
3.93,0.00,0.00
3.98,0.00,0.00
4.02,0.00,0.00
4.07,0.00,0.00
4.12,0.00,0.00
4.18,0.00,0.00
4.22,0.00,0.00
4.27,0.00,0.00
4.33,0.00,0.00
4.38,0.00,0.00
4.42,0.00,0.00
4.48,0.00,0.00
4.52,0.00,0.00
4.58,0.00,0.00
4.62,0.00,0.00
4.68,0.00,0.00
4.72,0.00,0.00
4.77,0.00,0.00
4.83,0.00,0.00
4.88,0.00,0.00
4.93,0.00,0.00
4.97,0.00,0.00
5.02,0.00,0.00
5.08,0.00,0.00
5.12,0.00,0.00
5.17,0.00,0.00
5.23,0.00,0.00
5.27,0.00,0.00
5.32,0.00,0.00
5.37,0.00,0.00
5.43,0.00,0.00
5.47,0.00,0.00
5.52,0.00,0.00
5.57,0.00,0.00
5.63,0.00,0.00
5.67,0.00,0.00
5.73,0.00,0.00
5.77,0.00,0.00
5.83,0.00,0.00
5.87,0.00,0.00
5.92,0.00,0.00
5.98,0.00,0.00
6.02,0.00,0.00
6.07,0.00,0.00
6.13,0.00,0.00
6.17,0.00,0.00
6.23,0.00,0.00
6.27,0.00,0.00
6.32,0.00,0.00
6.38,0.00,0.00
6.42,0.00,0.00
6.47,0.00,0.00
6.52,0.00,0.00
6.57,0.00,0.00
6.62,0.00,0.00
6.68,0.00,0.00
6.73,0.00,0.00
6.78,0.00,0.00
6.82,0.00,0.00
6.88,0.00,0.00
6.93,0.00,0.00
6.98,0.00,0.00
7.02,0.00,0.00
7.07,0.00,0.00
7.12,0.00,0.00
7.17,0.00,0.00
7.22,0.00,0.00
7.28,0.00,0.00
7.32,0.00,0.00
7.38,0.00,0.00
7.43,0.00,0.00
7.47,0.00,0.00
7.52,0.00,0.00
7.57,0.00,0.00
7.62,0.00,0.00
7.67,0.00,0.00
7.72,0.00,0.00
7.78,0.00,0.00
7.83,0.00,0.00
7.87,0.00,0.00
7.92,0.00,0.00
7.97,0.00,0.00
8.02,0.00,0.00
8.08,0.00,0.00
8.12,0.00,0.00
8.18,0.00,0.00
8.22,0.00,0.00
8.27,0.00,0.00
8.33,0.00,0.00
8.38,0.00,0.00
8.43,0.00,0.00
8.47,0.00,0.00
8.53,0.00,0.00
8.57,0.00,0.00
8.63,0.00,0.00
8.67,0.00,0.00
8.73,0.00,0.00
8.77,0.00,0.00
8.82,0.00,0.00
8.87,0.00,0.00
8.92,0.00,0.00
8.98,0.00,0.00
9.02,0.00,0.00
9.07,0.00,0.00
9.12,0.00,0.00
9.18,0.00,0.00
9.22,0.00,0.00
9.27,0.00,0.00
9.32,0.00,0.00
9.37,0.00,0.00
9.43,0.00,0.00
9.47,0.00,0.00
9.52,0.00,0.00
9.57,0.00,0.00
9.62,0.00,0.00
9.68,0.00,0.00
9.72,0.00,0.00
9.78,0.00,0.00
9.82,0.00,0.00
9.87,0.00,0.00
9.92,0.00,0.00
9.98,0.00,0.00
10.02,0.00,60.00
10.07,0.90,60.00
10.13,1.79,60.00
10.17,2.68,60.00
10.23,3.56,60.00
10.28,4.43,60.00
10.32,5.30,60.00
10.38,6.16,60.00
10.42,7.01,60.00
10.48,7.86,60.00
10.52,8.70,60.00
10.58,9.54,60.00
10.62,10.37,60.00
10.67,11.19,60.00
10.73,12.00,60.00
10.78,12.81,60.00
10.83,13.62,60.00
10.87,14.42,60.00
10.92,15.21,60.00
10.98,15.99,60.00
11.03,16.77,60.00
11.08,17.55,60.00
11.12,18.32,60.00
11.17,19.08,60.00
11.22,19.84,60.00
11.27,20.59,60.00
11.32,21.33,60.00
11.37,22.07,60.00
11.43,22.81,60.00
11.47,23.54,60.00
11.52,24.26,60.00
11.58,24.98,60.00
11.62,25.69,60.00
11.67,26.40,60.00
11.72,27.10,60.00
11.78,27.80,60.00
11.82,28.49,60.00
11.87,29.17,60.00
11.92,29.86,60.00
11.97,30.53,60.00
12.02,31.20,60.00
12.07,31.87,60.00
12.13,32.53,60.00
12.17,33.19,60.00
12.23,33.84,60.00
12.28,34.48,60.00
12.33,35.12,60.00
12.37,35.76,60.00
12.42,36.39,60.00
12.48,37.02,60.00
12.52,37.64,60.00
12.57,38.26,60.00
12.62,38.87,60.00
12.67,39.48,60.00
12.72,40.08,60.00
12.77,40.68,60.00
12.83,41.28,60.00
12.87,41.87,60.00
12.92,42.46,60.00
12.97,43.04,60.00
13.02,43.61,60.00
13.08,44.19,60.00
13.12,44.76,60.00
13.17,45.32,60.00
13.22,45.88,60.00
13.27,46.44,60.00
13.33,46.99,60.00
13.37,47.54,60.00
13.43,48.08,60.00
13.47,48.62,60.00
13.52,49.15,60.00
13.58,49.69,60.00
13.62,50.21,60.00
13.67,50.74,60.00
13.72,51.26,60.00
13.77,51.77,60.00
13.83,52.28,60.00
13.87,52.79,60.00
13.93,53.29,60.00
13.97,53.79,60.00
14.02,54.29,60.00
14.07,54.78,60.00
14.13,55.27,60.00
14.17,55.76,60.00
14.23,56.24,60.00
14.27,56.72,60.00
14.32,56.89,60.00
14.38,57.36,60.00
14.42,57.35,60.00
14.47,57.82,60.00
14.52,57.54,60.00
14.57,58.01,60.00
14.63,57.69,60.00
14.68,58.16,60.00
14.72,57.75,60.00
14.77,58.21,60.00
14.83,57.81,60.00
14.88,58.28,60.00
14.93,57.81,60.00
14.98,58.28,60.00
15.02,57.81,60.00
15.08,58.28,60.00
15.12,57.89,60.00
15.17,58.35,60.00
15.23,57.82,60.00
15.27,58.28,60.00
15.33,57.81,60.00
15.38,58.27,60.00
15.43,57.83,60.00
15.48,58.29,60.00
15.52,57.85,60.00
15.57,58.31,60.00
15.62,57.86,60.00
15.68,58.32,60.00
15.72,57.92,60.00
15.78,58.38,60.00
15.82,57.97,60.00
15.88,58.43,60.00
15.92,58.00,60.00
15.97,58.46,60.00
16.02,57.94,60.00
16.07,58.41,60.00
16.12,57.90,60.00
16.17,58.36,60.00
16.23,57.84,60.00
16.28,58.30,60.00
16.32,57.90,60.00
16.38,58.37,60.00
16.43,57.96,60.00
16.48,58.42,60.00
16.52,57.95,60.00
16.58,58.42,60.00
16.62,58.01,60.00
16.67,58.48,60.00
16.73,58.01,60.00
16.77,58.47,60.00
16.83,57.92,60.00
16.87,58.38,60.00
16.93,57.87,60.00
16.98,58.33,60.00
17.03,57.93,60.00
17.07,58.39,60.00
17.12,57.94,60.00
17.18,58.41,60.00
17.23,58.04,60.00
17.27,58.50,60.00
17.33,57.99,60.00
17.38,58.46,60.00
17.43,57.98,60.00
17.47,58.45,60.00
17.52,57.96,60.00
17.57,58.42,60.00
17.63,57.95,60.00
17.68,58.42,60.00
17.72,57.99,60.00
17.78,58.46,60.00
17.83,58.05,60.00
17.88,58.51,60.00
17.93,58.05,60.00
17.98,58.52,60.00
18.03,58.03,60.00
18.07,58.50,60.00
18.12,58.01,60.00
18.17,58.48,60.00
18.23,58.02,60.00
18.28,58.49,60.00
18.33,58.06,60.00
18.38,58.52,60.00
18.42,58.09,60.00
18.48,58.55,60.00
18.53,58.16,60.00
18.58,58.63,60.00
18.62,58.12,60.00
18.68,58.59,60.00
18.72,58.17,60.00
18.78,58.64,60.00
18.82,58.19,60.00
18.88,58.66,60.00
18.92,58.24,60.00
18.98,58.70,60.00
19.02,58.26,60.00
19.08,58.72,60.00
19.12,58.27,60.00
19.17,58.73,60.00
19.23,58.25,60.00
19.27,58.72,60.00
19.33,58.18,60.00
19.38,58.64,60.00
19.43,58.17,60.00
19.48,58.63,60.00
19.53,58.17,60.00
19.58,58.64,60.00
19.63,58.17,60.00
19.68,58.64,60.00
19.72,58.18,60.00
19.78,58.65,60.00
19.83,58.26,60.00
19.88,58.72,60.00
19.93,58.23,60.00
19.98,58.70,60.00
20.02,58.22,60.00
20.08,58.68,60.00
20.12,58.27,60.00
20.17,58.74,60.00
20.22,58.21,60.00
20.28,58.68,60.00
20.33,58.27,60.00
20.38,58.74,60.00
20.43,58.26,60.00
20.47,58.73,60.00
20.53,58.22,60.00
20.58,58.68,60.00
20.63,58.23,60.00
20.67,58.69,60.00
20.73,58.15,60.00
20.78,58.62,60.00
20.82,58.21,60.00
20.88,58.68,60.00
20.92,58.27,60.00
20.98,58.73,60.00
21.02,58.31,60.00
21.08,58.78,60.00
21.12,58.33,60.00
21.17,58.79,60.00
21.22,58.31,60.00
21.28,58.77,60.00
21.32,58.34,60.00
21.37,58.80,60.00
21.42,58.27,60.00
21.48,58.74,60.00
21.52,58.30,60.00
21.57,58.77,60.00
21.62,58.28,60.00
21.67,58.75,60.00
21.73,58.32,60.00
21.77,58.78,60.00
21.82,58.25,60.00
21.87,58.72,60.00
21.93,58.25,60.00
21.97,58.71,60.00
22.02,58.23,60.00
22.08,58.69,60.00
22.12,58.35,60.00
22.17,58.81,60.00
22.22,58.34,60.00
22.27,58.81,60.00
22.33,58.35,60.00
22.37,58.81,60.00
22.42,58.32,60.00
22.48,58.78,60.00
22.52,58.37,60.00
22.57,58.83,60.00
22.62,58.37,60.00
22.68,58.83,60.00
22.72,58.44,60.00
22.78,58.90,60.00
22.82,58.48,60.00
22.87,58.94,60.00
22.93,58.44,60.00
22.98,58.90,60.00
23.03,58.42,60.00
23.07,58.88,60.00
23.12,58.37,60.00
23.17,58.84,60.00
23.23,58.39,60.00
23.28,58.85,60.00
23.33,58.39,60.00
23.37,58.85,60.00
23.43,58.32,60.00
23.48,58.79,60.00
23.52,58.37,60.00
23.58,58.83,60.00
23.62,58.43,60.00
23.68,58.89,60.00
23.72,58.46,60.00
23.77,58.92,60.00
23.82,58.48,60.00
23.87,58.94,60.00
23.92,58.48,60.00
23.97,58.94,60.00
24.03,58.47,60.00
24.07,58.93,60.00
24.13,58.37,60.00
24.17,58.83,60.00
24.23,58.33,60.00
24.28,58.79,60.00
24.32,58.39,60.00
24.38,58.86,60.00
24.42,58.43,60.00
24.48,58.90,60.00
24.52,58.48,60.00
24.57,58.95,60.00
24.63,58.51,60.00
24.68,58.97,60.00
24.72,58.50,60.00
24.77,58.96,60.00
24.82,58.50,60.00
24.88,58.96,60.00
24.92,58.53,60.00
24.97,58.99,60.00
25.03,58.52,60.00
25.07,58.99,60.00
25.12,58.44,60.00
25.17,58.91,60.00
25.22,58.46,60.00
25.28,58.92,60.00
25.32,58.50,60.00
25.38,58.96,60.00
25.42,58.53,60.00
25.48,58.99,60.00
25.53,58.58,60.00
25.57,59.04,60.00
25.62,58.54,60.00
25.67,59.01,60.00
25.73,58.57,60.00
25.77,59.03,60.00
25.82,58.49,60.00
25.88,58.95,60.00
25.92,58.53,60.00
25.97,59.00,60.00
26.02,58.53,60.00
26.07,58.99,60.00
26.12,58.56,60.00
26.17,59.02,60.00
26.23,58.49,60.00
26.27,58.95,60.00
26.32,58.46,60.00
26.38,58.92,60.00
26.43,58.57,60.00
26.47,59.03,60.00
26.53,58.56,60.00
26.57,59.02,60.00
26.63,58.52,60.00
26.67,58.98,60.00
26.72,58.49,60.00
26.77,58.95,60.00
26.83,58.47,60.00
26.87,58.93,60.00
26.93,58.52,60.00
26.97,58.98,60.00
27.02,58.50,60.00
27.08,58.96,60.00
27.12,58.59,60.00
27.18,59.05,60.00
27.22,58.62,60.00
27.27,59.08,60.00
27.33,58.59,60.00
27.38,59.05,60.00
27.42,58.60,60.00
27.47,59.06,60.00
27.52,58.65,60.00
27.58,59.11,60.00
27.62,58.70,60.00
27.68,59.16,60.00
27.72,58.74,60.00
27.78,59.20,60.00
27.82,58.71,60.00
27.87,59.17,60.00
27.93,58.64,60.00
27.97,59.10,60.00
28.03,58.63,60.00
28.08,59.09,60.00
28.13,58.64,60.00
28.18,59.10,60.00
28.22,58.65,60.00
28.27,59.11,60.00
28.32,58.62,60.00
28.37,59.08,60.00
28.42,58.60,60.00
28.47,59.06,60.00
28.52,58.57,60.00
28.58,59.03,60.00
28.62,58.63,60.00
28.67,59.09,60.00
28.72,58.62,60.00
28.77,59.08,60.00
28.83,58.67,60.00
28.88,59.13,60.00
28.92,58.68,60.00
28.97,59.14,60.00
29.03,58.71,60.00
29.08,59.17,60.00
29.13,58.70,60.00
29.17,59.16,60.00
29.23,58.63,60.00
29.27,59.09,60.00
29.32,58.65,60.00
29.38,59.11,60.00
29.42,58.74,60.00
29.48,59.20,60.00
29.52,58.75,60.00
29.58,59.20,60.00
29.63,58.79,60.00
29.67,59.25,60.00
29.72,58.71,60.00
29.77,59.17,60.00
29.83,58.69,60.00
29.88,59.15,60.00
29.92,58.71,60.00
29.98,59.17,60.00
30.02,58.74,60.00
30.08,59.20,60.00
30.12,58.76,60.00
30.17,59.22,60.00
30.23,58.70,60.00
30.27,59.16,60.00
30.33,58.66,60.00
30.37,59.12,60.00
30.42,58.64,60.00
30.48,59.10,60.00
30.52,58.70,60.00
30.57,59.16,60.00
30.62,58.73,60.00
30.68,59.19,60.00
30.72,58.81,60.00
30.78,59.27,60.00
30.83,58.85,60.00
30.88,59.30,60.00
30.93,58.81,60.00
30.97,59.27,60.00
31.03,58.76,60.00
31.07,59.22,60.00
31.12,58.75,60.00
31.17,59.21,60.00
31.22,58.77,60.00
31.27,59.23,60.00
31.33,58.84,60.00
31.38,59.30,60.00
31.43,58.83,60.00
31.47,59.29,60.00
31.53,58.75,60.00
31.57,59.21,60.00
31.63,58.73,60.00
31.67,59.19,60.00
31.72,58.74,60.00
31.78,59.20,60.00
31.82,58.79,60.00
31.88,59.25,60.00
31.92,58.84,60.00
31.98,59.30,60.00
32.02,58.85,60.00
32.07,59.31,60.00
32.13,58.76,60.00
32.17,59.22,60.00
32.22,58.78,60.00
32.27,59.24,60.00
32.33,58.86,60.00
32.38,59.32,60.00
32.42,58.85,60.00
32.48,59.31,60.00
32.52,58.86,60.00
32.58,59.32,60.00
32.62,58.90,60.00
32.68,59.36,60.00
32.72,58.94,60.00
32.77,59.40,60.00
32.83,58.95,60.00
32.87,59.41,60.00
32.92,58.85,60.00
32.98,59.30,60.00
33.02,58.86,60.00
33.08,59.32,60.00
33.12,58.88,60.00
33.17,59.33,60.00
33.22,58.85,60.00
33.28,59.31,60.00
33.32,58.91,60.00
33.37,59.37,60.00
33.42,58.89,60.00
33.48,59.35,60.00
33.52,58.94,60.00
33.57,59.39,60.00
33.62,58.94,60.00
33.68,59.40,60.00
33.72,58.98,60.00
33.78,59.44,60.00
33.83,59.01,60.00
33.88,59.46,60.00
33.93,58.95,60.00
33.97,59.41,60.00
34.02,58.86,60.00
34.07,59.32,60.00
34.13,58.84,60.00
34.17,59.30,60.00
34.23,58.84,60.00
34.28,59.30,60.00
34.33,58.86,60.00
34.37,59.32,60.00
34.43,58.82,60.00
34.47,59.28,60.00
34.53,58.80,60.00
34.57,59.25,60.00
34.63,58.80,60.00
34.68,59.26,60.00
34.73,58.85,60.00
34.78,59.31,60.00
34.82,58.87,60.00
34.88,59.32,60.00
34.93,58.90,60.00
34.98,59.36,60.00
35.02,58.91,60.00
35.08,59.37,60.00
35.12,58.93,60.00
35.17,59.39,60.00
35.22,58.98,60.00
35.27,59.43,60.00
35.33,58.93,60.00
35.37,59.39,60.00
35.42,58.87,60.00
35.48,59.33,60.00
35.53,58.92,60.00
35.58,59.38,60.00
35.62,58.93,60.00
35.67,59.38,60.00
35.72,58.97,60.00
35.77,59.43,60.00
35.82,58.93,60.00
35.87,59.39,60.00
35.93,58.99,60.00
35.98,59.45,60.00
36.02,58.97,60.00
36.08,59.43,60.00
36.12,58.98,60.00
36.17,59.44,60.00
36.23,58.92,60.00
36.27,59.38,60.00
36.33,58.91,60.00
36.37,59.37,60.00
36.42,58.89,60.00
36.48,59.35,60.00
36.52,59.00,60.00
36.58,59.46,60.00
36.62,59.00,60.00
36.68,59.46,60.00
36.72,59.01,60.00
36.78,59.47,60.00
36.82,59.05,60.00
36.87,59.51,60.00
36.93,59.06,60.00
36.97,59.52,60.00
37.03,58.96,60.00
37.07,59.42,60.00
37.12,58.91,60.00
37.17,59.37,60.00
37.23,58.88,60.00
37.28,59.34,60.00
37.32,58.93,60.00
37.38,59.38,60.00
37.43,58.97,60.00
37.48,59.42,60.00
37.52,58.98,60.00
37.57,59.44,60.00
37.63,59.03,60.00
37.67,59.48,60.00
37.73,58.97,60.00
37.77,59.43,60.00
37.83,58.91,60.00
37.87,59.36,60.00
37.92,58.89,60.00
37.98,59.34,60.00
38.03,59.01,60.00
38.08,59.47,60.00
38.13,59.01,60.00
38.17,59.47,60.00
38.22,58.95,60.00
38.27,59.41,60.00
38.33,58.98,60.00
38.37,59.44,60.00
38.43,58.93,60.00
38.48,59.39,60.00
38.52,58.98,60.00
38.57,59.44,60.00
38.62,59.03,60.00
38.68,59.48,60.00
38.72,59.09,60.00
38.78,59.54,60.00
38.82,59.08,60.00
38.87,59.54,60.00
38.93,59.09,60.00
38.97,59.55,60.00
39.02,59.05,60.00
39.08,59.50,60.00
39.12,59.08,60.00
39.17,59.54,60.00
39.23,59.06,60.00
39.28,59.52,60.00
39.33,59.05,60.00
39.38,59.51,60.00
39.43,59.03,60.00
39.48,59.49,60.00
39.53,59.06,60.00
39.58,59.51,60.00
39.63,59.05,60.00
39.68,59.51,60.00
39.72,59.05,60.00
39.78,59.51,60.00
39.83,59.07,60.00
39.88,59.52,60.00
39.93,59.07,60.00
39.98,59.52,60.00
40.03,59.06,30.00
40.07,57.72,30.00
40.13,56.39,30.00
40.17,55.06,30.00
40.22,53.75,30.00
40.27,52.45,30.00
40.33,51.15,30.00
40.37,49.87,30.00
40.42,48.60,30.00
40.48,47.33,30.00
40.52,46.08,30.00
40.57,44.83,30.00
40.62,43.59,30.00
40.68,42.37,30.00
40.72,41.15,30.00
40.77,39.94,30.00
40.83,38.74,30.00
40.87,37.55,30.00
40.93,36.64,30.00
40.98,35.54,30.00
41.03,35.31,30.00
41.08,34.14,30.00
41.13,34.66,30.00
41.17,33.50,30.00
41.22,34.15,30.00
41.27,33.00,30.00
41.32,33.65,30.00
41.37,32.50,30.00
41.43,33.15,30.00
41.47,32.00,30.00
41.53,32.66,30.00
41.58,31.52,30.00
41.62,32.18,30.00
41.67,31.04,30.00
41.72,31.71,30.00
41.77,30.57,30.00
41.82,31.24,30.00
41.88,30.11,30.00
41.93,30.78,30.00
41.97,29.65,30.00
42.02,30.33,30.00
42.07,29.27,30.00
42.12,29.95,30.00
42.18,29.04,30.00
42.22,29.73,30.00
42.27,28.78,30.00
42.33,29.47,30.00
42.37,28.79,30.00
42.42,29.48,30.00
42.48,28.71,30.00
42.52,29.39,30.00
42.58,28.63,30.00
42.62,29.31,30.00
42.67,28.59,30.00
42.72,29.27,30.00
42.77,28.58,30.00
42.82,29.26,30.00
42.88,28.71,30.00
42.92,29.40,30.00
42.97,28.70,30.00
43.03,29.39,30.00
43.07,28.81,30.00
43.12,29.49,30.00
43.18,28.85,30.00
43.23,29.53,30.00
43.28,28.81,30.00
43.32,29.49,30.00
43.37,28.70,30.00
43.42,29.38,30.00
43.47,28.73,30.00
43.53,29.41,30.00
43.57,28.83,30.00
43.62,29.51,30.00
43.67,28.78,30.00
43.73,29.46,30.00
43.78,28.88,30.00
43.82,29.56,30.00
43.87,28.72,30.00
43.93,29.41,30.00
43.98,28.84,30.00
44.03,29.53,30.00
44.08,28.83,30.00
44.13,29.51,30.00
44.17,28.81,30.00
44.22,29.50,30.00
44.28,28.73,30.00
44.32,29.41,30.00
44.37,28.63,30.00
44.42,29.32,30.00
44.48,28.72,30.00
44.53,29.41,30.00
44.57,28.76,30.00
44.63,29.44,30.00
44.67,28.86,30.00
44.72,29.54,30.00
44.78,28.78,30.00
44.82,29.47,30.00
44.88,28.76,30.00
44.92,29.45,30.00
44.98,28.76,30.00
45.02,29.44,30.00
45.07,28.69,30.00
45.13,29.37,30.00
45.17,28.82,30.00
45.23,29.50,30.00
45.27,28.85,30.00
45.32,29.53,30.00
45.38,28.89,30.00
45.42,29.58,30.00
45.47,28.83,30.00
45.53,29.52,30.00
45.58,28.86,30.00
45.62,29.54,30.00
45.68,28.75,30.00
45.73,29.44,30.00
45.77,28.79,30.00
45.82,29.47,30.00
45.87,28.78,30.00
45.93,29.47,30.00
45.98,28.82,30.00
46.02,29.51,30.00
46.08,28.70,30.00
46.12,29.38,30.00
46.17,28.73,30.00
46.22,29.41,30.00
46.28,28.80,30.00
46.32,29.48,30.00
46.37,28.79,30.00
46.42,29.47,30.00
46.47,28.89,30.00
46.52,29.57,30.00
46.58,28.87,30.00
46.62,29.56,30.00
46.68,28.81,30.00
46.72,29.49,30.00
46.78,28.80,30.00
46.82,29.48,30.00
46.88,28.80,30.00
46.93,29.48,30.00
46.97,28.84,30.00
47.03,29.52,30.00
47.08,28.88,30.00
47.12,29.56,30.00
47.18,28.79,30.00
47.22,29.47,30.00
47.28,28.74,30.00
47.32,29.42,30.00
47.38,28.67,30.00
47.42,29.35,30.00
47.47,28.65,30.00
47.53,29.33,30.00
47.57,28.79,30.00
47.63,29.47,30.00
47.67,28.91,30.00
47.73,29.59,30.00
47.77,28.98,30.00
47.82,29.67,30.00
47.88,29.02,30.00
47.92,29.70,30.00
47.98,28.93,30.00
48.02,29.61,30.00
48.08,28.82,30.00
48.12,29.50,30.00
48.17,28.82,30.00
48.22,29.51,30.00
48.27,28.91,30.00
48.33,29.59,30.00
48.38,29.01,30.00
48.43,29.69,30.00
48.47,28.96,30.00
48.53,29.65,30.00
48.57,29.01,30.00
48.63,29.70,30.00
48.67,29.03,30.00
48.72,29.72,30.00
48.78,28.93,30.00
48.82,29.61,30.00
48.87,28.90,30.00
48.93,29.59,30.00
48.98,28.94,30.00
49.03,29.62,30.00
49.07,28.92,30.00
49.12,29.61,30.00
49.17,28.96,30.00
49.23,29.64,30.00
49.28,29.05,30.00
49.33,29.73,30.00
49.38,28.99,30.00
49.42,29.67,30.00
49.48,28.87,30.00
49.52,29.55,30.00
49.57,28.86,30.00
49.63,29.54,30.00
49.67,28.99,30.00
49.72,29.67,30.00
49.78,29.01,30.00
49.82,29.70,30.00
49.88,28.88,30.00
49.92,29.56,30.00
49.98,28.81,30.00
50.03,29.49,30.00
50.08,28.86,30.00
50.13,29.55,30.00
50.17,28.89,30.00
50.22,29.58,30.00
50.28,28.97,30.00
50.32,29.65,30.00
50.37,28.82,30.00
50.43,29.51,30.00
50.48,28.92,30.00
50.52,29.60,30.00
50.58,28.90,30.00
50.62,29.58,30.00
50.67,28.78,30.00
50.72,29.46,30.00
50.77,28.85,30.00
50.82,29.53,30.00
50.88,28.96,30.00
50.93,29.65,30.00
50.97,28.96,30.00
51.02,29.64,30.00
51.08,28.93,30.00
51.12,29.61,30.00
51.17,28.84,30.00
51.22,29.53,30.00
51.27,28.93,30.00
51.32,29.61,30.00
51.38,29.04,30.00
51.42,29.73,30.00
51.47,28.91,30.00
51.52,29.59,30.00
51.57,28.96,30.00
51.63,29.64,30.00
51.67,28.99,30.00
51.72,29.68,30.00
51.77,29.03,30.00
51.83,29.72,30.00
51.87,29.09,30.00
51.92,29.77,30.00
51.97,28.95,30.00
52.02,29.63,30.00
52.07,28.88,30.00
52.13,29.57,30.00
52.17,29.03,30.00
52.22,29.72,30.00
52.27,28.92,30.00
52.33,29.61,30.00
52.37,29.01,30.00
52.42,29.70,30.00
52.47,29.05,30.00
52.53,29.73,30.00
52.58,29.12,30.00
52.62,29.81,30.00
52.68,28.98,30.00
52.72,29.67,30.00
52.77,28.89,30.00
52.82,29.58,30.00
52.87,29.02,30.00
52.93,29.70,30.00
52.98,29.09,30.00
53.02,29.77,30.00
53.07,29.01,30.00
53.12,29.69,30.00
53.18,28.93,30.00
53.22,29.61,30.00
53.27,28.82,30.00
53.32,29.50,30.00
53.37,28.90,30.00
53.42,29.58,30.00
53.47,29.00,30.00
53.52,29.69,30.00
53.57,28.95,30.00
53.62,29.63,30.00
53.67,28.96,30.00
53.72,29.65,30.00
53.78,28.89,30.00
53.82,29.58,30.00
53.88,28.83,30.00
53.93,29.52,30.00
53.97,28.91,30.00
54.02,29.59,30.00
54.07,28.96,30.00
54.13,29.65,30.00
54.18,29.08,30.00
54.22,29.76,30.00
54.27,28.95,30.00
54.32,29.64,30.00
54.37,28.90,30.00
54.43,29.58,30.00
54.47,28.98,30.00
54.52,29.67,30.00
54.57,29.06,30.00
54.62,29.75,30.00
54.67,29.10,30.00
54.72,29.78,30.00
54.78,29.14,30.00
54.82,29.82,30.00
54.87,29.00,30.00
54.92,29.68,30.00
54.97,28.95,30.00
55.02,29.63,30.00
55.08,28.89,30.00
55.13,29.58,30.00
55.17,28.94,30.00
55.23,29.62,30.00
55.28,29.10,30.00
55.33,29.78,30.00
55.38,29.07,30.00
55.43,29.75,30.00
55.48,29.04,30.00
55.53,29.72,30.00
55.57,29.06,30.00
55.62,29.74,30.00
55.67,28.99,30.00
55.73,29.67,30.00
55.77,29.11,30.00
55.82,29.79,30.00
55.88,29.04,30.00
55.92,29.73,30.00
55.97,28.98,30.00
56.03,29.66,30.00
56.07,29.03,30.00
56.13,29.71,30.00
56.17,29.14,30.00
56.23,29.83,30.00
56.27,29.23,30.00
56.32,29.91,30.00
56.37,29.18,30.00
56.43,29.87,30.00
56.48,29.22,30.00
56.52,29.90,30.00
56.58,29.09,30.00
56.62,29.77,30.00
56.67,29.00,30.00
56.72,29.69,30.00
56.77,29.07,30.00
56.83,29.75,30.00
56.87,29.11,30.00
56.93,29.79,30.00
56.97,29.14,30.00
57.03,29.82,30.00
57.08,29.17,30.00
57.13,29.85,30.00
57.17,29.13,30.00
57.23,29.81,30.00
57.28,29.20,30.00
57.33,29.88,30.00
57.37,29.15,30.00
57.43,29.83,30.00
57.47,29.21,30.00
57.53,29.89,30.00
57.57,29.24,30.00
57.62,29.92,30.00
57.67,29.19,30.00
57.72,29.87,30.00
57.78,29.16,30.00
57.83,29.85,30.00
57.88,29.12,30.00
57.93,29.80,30.00
57.97,29.11,30.00
58.03,29.79,30.00
58.07,29.15,30.00
58.13,29.83,30.00
58.18,29.20,30.00
58.22,29.88,30.00
58.27,29.08,30.00
58.33,29.76,30.00
58.38,29.12,30.00
58.42,29.81,30.00
58.47,29.05,30.00
58.53,29.73,30.00
58.57,29.12,30.00
58.63,29.80,30.00
58.68,29.19,30.00
58.73,29.87,30.00
58.77,29.13,30.00
58.83,29.81,30.00
58.87,29.15,30.00
58.93,29.83,30.00
58.97,29.17,30.00
59.03,29.85,30.00
59.08,29.22,30.00
59.12,29.91,30.00
59.17,29.04,30.00
59.23,29.72,30.00
59.28,29.11,30.00
59.32,29.79,30.00
59.38,29.02,30.00
59.43,29.70,30.00
59.48,29.04,30.00
59.52,29.72,30.00
59.58,28.95,30.00
59.62,29.63,30.00
59.67,28.94,30.00
59.73,29.62,30.00
59.77,29.05,30.00
59.83,29.74,30.00
59.88,29.12,30.00
59.92,29.80,30.00
59.97,28.99,30.00
60.02,29.67,30.00
60.08,29.02,30.00
60.12,29.71,30.00
60.17,28.98,30.00
60.23,29.66,30.00
60.27,29.08,30.00
60.33,29.76,30.00
60.37,29.18,30.00
60.42,29.86,30.00
60.47,29.08,30.00
60.53,29.76,30.00
60.57,29.17,30.00
60.63,29.85,30.00
60.67,29.19,30.00
60.73,29.87,30.00
60.77,29.20,30.00
60.83,29.88,30.00
60.88,29.25,30.00
60.92,29.93,30.00
60.97,29.06,30.00
61.02,29.74,30.00
61.08,29.04,30.00
61.12,29.72,30.00
61.17,29.00,30.00
61.22,29.68,30.00
61.28,28.97,30.00
61.32,29.65,30.00
61.38,28.98,30.00
61.43,29.66,30.00
61.48,29.03,30.00
61.53,29.71,30.00
61.58,29.06,30.00
61.62,29.74,30.00
61.68,28.94,30.00
61.72,29.62,30.00
61.78,28.93,30.00
61.82,29.61,30.00
61.88,28.88,30.00
61.92,29.57,30.00
61.98,28.92,30.00
62.03,29.60,30.00
62.08,29.00,30.00
62.13,29.68,30.00
62.18,29.03,30.00
62.22,29.72,30.00
62.28,28.94,30.00
62.32,29.62,30.00
62.38,28.95,30.00
62.43,29.64,30.00
62.47,29.02,30.00
62.53,29.71,30.00
62.57,29.17,30.00
62.62,29.86,30.00
62.67,29.18,30.00
62.72,29.86,30.00
62.78,29.09,30.00
62.82,29.77,30.00
62.88,29.03,30.00
62.93,29.72,30.00
62.98,29.07,30.00
63.02,29.75,30.00
63.07,28.99,30.00
63.13,29.67,30.00
63.17,29.11,30.00
63.23,29.79,30.00
63.28,29.19,30.00
63.33,29.87,30.00
63.38,29.12,30.00
63.42,29.81,30.00
63.47,29.04,30.00
63.52,29.73,30.00
63.57,29.13,30.00
63.63,29.82,30.00
63.68,29.24,30.00
63.72,29.92,30.00
63.77,29.07,30.00
63.83,29.75,30.00
63.88,29.20,30.00
63.93,29.88,30.00
63.97,29.15,30.00
64.02,29.83,30.00
64.07,29.13,30.00
64.13,29.81,30.00
64.18,29.19,30.00
64.22,29.87,30.00
64.27,29.12,30.00
64.33,29.81,30.00
64.37,29.22,30.00
64.43,29.90,30.00
64.47,29.28,30.00
64.52,29.96,30.00
64.58,29.22,30.00
64.62,29.90,30.00
64.67,29.12,30.00
64.73,29.80,30.00
64.77,29.23,30.00
64.83,29.91,30.00
64.88,29.27,30.00
64.92,29.95,30.00
64.98,29.10,30.00
65.02,29.78,30.00
65.08,29.05,30.00
65.12,29.73,30.00
65.17,28.96,30.00
65.23,29.64,30.00
65.28,29.15,30.00
65.32,29.83,30.00
65.37,29.05,30.00
65.43,29.73,30.00
65.47,29.20,30.00
65.53,29.88,30.00
65.58,29.26,30.00
65.62,29.94,30.00
65.68,29.14,30.00
65.73,29.82,30.00
65.77,29.13,30.00
65.83,29.81,30.00
65.88,29.19,30.00
65.92,29.87,30.00
65.98,29.06,30.00
66.03,29.74,30.00
66.07,29.10,30.00
66.13,29.78,30.00
66.17,29.17,30.00
66.22,29.85,30.00
66.27,29.22,30.00
66.32,29.90,30.00
66.38,29.12,30.00
66.42,29.80,30.00
66.48,29.07,30.00
66.52,29.75,30.00
66.57,29.01,30.00
66.63,29.69,30.00
66.68,29.14,30.00
66.72,29.82,30.00
66.77,29.10,30.00
66.82,29.78,30.00
66.88,29.11,30.00
66.92,29.79,30.00
66.97,29.07,30.00
67.03,29.75,30.00
67.07,29.16,30.00
67.13,29.84,30.00
67.17,29.24,30.00
67.23,29.92,30.00
67.27,29.29,30.00
67.33,29.97,30.00
67.37,29.26,30.00
67.43,29.94,30.00
67.48,29.32,30.00
67.53,30.00,30.00
67.58,29.25,30.00
67.62,29.93,30.00
67.68,29.14,30.00
67.72,29.83,30.00
67.78,29.02,30.00
67.83,29.70,30.00
67.87,29.08,30.00
67.92,29.76,30.00
67.97,29.06,30.00
68.03,29.74,30.00
68.08,29.16,30.00
68.13,29.84,30.00
68.17,29.16,30.00
68.22,29.84,30.00
68.28,29.16,30.00
68.32,29.84,30.00
68.38,29.04,30.00
68.43,29.72,30.00
68.48,29.06,30.00
68.52,29.74,30.00
68.58,29.06,30.00
68.62,29.75,30.00
68.68,29.01,30.00
68.73,29.70,30.00
68.78,29.08,30.00
68.82,29.77,30.00
68.87,29.06,30.00
68.93,29.75,30.00
68.98,29.19,30.00
69.02,29.87,30.00
69.08,29.12,30.00
69.13,29.80,30.00
69.17,29.14,30.00
69.22,29.82,30.00
69.27,29.16,30.00
69.33,29.84,30.00
69.37,29.22,30.00
69.43,29.90,30.00
69.48,29.25,30.00
69.52,29.93,30.00
69.57,29.11,30.00
69.63,29.79,30.00
69.68,29.21,30.00
69.73,29.90,30.00
69.77,29.20,30.00
69.83,29.88,30.00
69.87,29.25,30.00
69.93,29.93,30.00
69.97,29.27,30.00
70.03,29.95,50.00
70.08,30.63,50.00
70.13,31.30,50.00
70.17,31.96,50.00
70.23,32.62,50.00
70.27,33.28,50.00
70.33,33.93,50.00
70.38,34.57,50.00
70.42,35.22,50.00
70.48,35.85,50.00
70.52,36.48,50.00
70.58,37.11,50.00
70.63,37.73,50.00
70.67,38.35,50.00
70.73,38.96,50.00
70.77,39.57,50.00
70.83,40.17,50.00
70.87,40.77,50.00
70.92,41.36,50.00
70.98,41.95,50.00
71.02,42.54,50.00
71.07,43.12,50.00
71.12,43.70,50.00
71.18,44.27,50.00
71.22,44.84,50.00
71.28,45.40,50.00
71.32,45.96,50.00
71.37,46.52,50.00
71.43,47.07,50.00
71.48,47.61,50.00
71.52,48.07,50.00
71.57,48.43,50.00
71.62,48.85,50.00
71.68,48.93,50.00
71.72,49.46,50.00
71.78,49.00,50.00
71.82,49.53,50.00
71.88,49.10,50.00
71.93,49.63,50.00
71.97,49.17,50.00
72.02,49.71,50.00
72.08,49.23,50.00
72.12,49.76,50.00
72.18,49.20,50.00
72.22,49.73,50.00
72.27,49.17,50.00
72.33,49.70,50.00
72.38,49.28,50.00
72.42,49.81,50.00
72.47,49.25,50.00
72.53,49.78,50.00
72.58,49.36,50.00
72.62,49.89,50.00
72.68,49.29,50.00
72.72,49.82,50.00
72.78,49.21,50.00
72.82,49.74,50.00
72.88,49.21,50.00
72.92,49.74,50.00
72.98,49.18,50.00
73.02,49.71,50.00
73.07,49.22,50.00
73.13,49.75,50.00
73.17,49.34,50.00
73.23,49.87,50.00
73.28,49.38,50.00
73.32,49.91,50.00
73.38,49.30,50.00
73.42,49.83,50.00
73.48,49.30,50.00
73.52,49.83,50.00
73.58,49.25,50.00
73.62,49.79,50.00
73.67,49.24,50.00
73.73,49.77,50.00
73.77,49.32,50.00
73.83,49.85,50.00
73.87,49.39,50.00
73.93,49.92,50.00
73.98,49.40,50.00
74.02,49.93,50.00
74.07,49.34,50.00
74.13,49.87,50.00
74.17,49.38,50.00
74.23,49.91,50.00
74.27,49.42,50.00
74.32,49.95,50.00
74.37,49.39,50.00
74.43,49.92,50.00
74.48,49.43,50.00
74.52,49.96,50.00
74.57,49.33,50.00
74.63,49.86,50.00
74.67,49.37,50.00
74.72,49.90,50.00
74.77,49.34,50.00
74.83,49.87,50.00
74.88,49.39,50.00
74.92,49.92,50.00
74.97,49.29,50.00
75.03,49.82,50.00
75.08,49.35,50.00
75.13,49.88,50.00
75.17,49.35,50.00
75.22,49.88,50.00
75.27,49.41,50.00
75.33,49.94,50.00
75.37,49.42,50.00
75.43,49.95,50.00
75.47,49.45,50.00
75.52,49.98,50.00
75.58,49.42,50.00
75.63,49.95,50.00
75.68,49.37,50.00
75.73,49.89,50.00
75.77,49.35,50.00
75.82,49.88,50.00
75.88,49.30,50.00
75.92,49.83,50.00
75.98,49.22,50.00
76.02,49.75,50.00
76.08,49.19,50.00
76.13,49.72,50.00
76.18,49.25,50.00
76.22,49.78,50.00
76.28,49.20,50.00
76.33,49.73,50.00
76.38,49.25,50.00
76.43,49.78,50.00
